title,description
Machine Learning Engineer,"Contributed to open source ML software.
 Deliver ML software models and components that solve real-world business problems, while working in collaboration with…"
Machine Learning Engineer,"Contributed to open source ML software.
 Deliver ML software models and components that solve real-world business problems, while working in collaboration with…"
Machine Learning Engineer,"Contributed to open source ML software.
 Deliver ML software models and components that solve real-world business problems, while working in collaboration with…"
Machine Learning Engineer,"Contributed to open source ML software.
 Deliver ML software models and components that solve real-world business problems, while working in collaboration with…"
Machine Learning Engineer,"The ideal candidate will have a strong knowledge of ML, NLP, Deep Learning, and Knowledge Graphs and have experience working with massive amounts of data."
Machine Learning Engineer,"Contributed to open source ML software.
 Deliver ML software models and components that solve real-world business problems, while working in collaboration with…"
Machine Learning Engineer,"Contributed to open source ML software.
 Deliver ML software models and components that solve real-world business problems, while working in collaboration with…"
Machine Learning Engineer,"Use data to develop machine learning models that optimize decision making in fraud and underwriting.
 Implement data pipelines, new features, and algorithms that…"
Machine Learning Engineer,"This role will also contribute to the mentoring of associate engineers across the organization.
 We advise and support our partners in their efforts to plan and…"
Machine Learning Engineer,"Contributed to open source ML software.
 Deliver ML software models and components that solve real-world business problems, while working in collaboration with…"
Machine Learning Engineer,"Strong software development experience with C++, Python or other programming language.
 The team is made up of machine learning researchers and engineers, who…"
Machine Learning Engineer,"The Data &amp; Analytics department is the centralized data team at IBD that supports all business functions including Marketing, Product, Content, and Ad Sales."
Machine Learning Engineer,"Contributed to open source ML software.
 Deliver ML software models and components that solve real-world business problems, while working in collaboration with…"
Machine Learning Engineer,"Collaborate with software and DevOps engineers to contribute designs and requirements for end-to-end solutions.
 The impact you will have."
Machine Learning Engineer,"Contributed to open source ML software.
 Deliver ML software models and components that solve real-world business problems, while working in collaboration with…"
Machine Learning Engineer,"Contributed to open source ML software.
 Deliver ML software models and components that solve real-world business problems, while working in collaboration with…"
Machine Learning Engineer,"Strong software development experience with C++, Python or other programming language.
 The team is made up of machine learning researchers and engineers, who…"
Machine Learning Engineer,"Contributed to open source ML software.
 Deliver ML software models and components that solve real-world business problems, while working in collaboration with…"
Machine Learning Engineer,"Contributed to open source ML software.
 Deliver ML software models and components that solve real-world business problems, while working in collaboration with…"
Machine Learning Engineer,"Solid software engineering skills for prototyping.
 Collaborate with multi-displinary team of software engineers and clinicians to design and run experiments,…"
Machine Learning Engineer,"Strong software development experience with C++, Python or other programming language.
 The team is made up of machine learning researchers and engineers, who…"
Machine Learning Engineer,"Contributed to open source ML software.
 Deliver ML software models and components that solve real-world business problems, while working in collaboration with…"
Machine Learning Engineer,"Contributed to open source ML software.
 Deliver ML software models and components that solve real-world business problems, while working in collaboration with…"
Machine Learning Engineer,"Strong software development experience with C++, Python or other programming language.
 The team is made up of machine learning researchers and engineers, who…"
Machine Learning Engineer,"Contributed to open source ML software.
 Deliver ML software models and components that solve real-world business problems, while working in collaboration with…"
Machine Learning Engineer,"Strong software development experience with C++, Python or other programming language.
 The team is made up of machine learning researchers and engineers, who…"
Machine Learning Engineer,"Work closely with ML engineers, software developers and product managers to take ML-powered services from inception to production."
Machine Learning Engineer,"Contributed to open source ML software.
 Deliver ML software models and components that solve real-world business problems, while working in collaboration with…"
Machine Learning Engineer,"• Experience applying various machine learning techniques and understanding the key parameters that affect their performance. *.
 Job Types: Full-time, Contract."
Machine Learning Engineer,"Sr. Machine Learning Engineer needed for 9-month with strong Scala and Python to develop algorithms for Use Cases.
 Must be proficient with MLFlow."
Machine Learning Engineer,"Firm grasp of large-scale data structures and data pipelines, data modeling, software architectures, and the latest ML libraries and frameworks e.g. TensorFlow,…"
Machine Learning Engineer,"Collaborate with data scientists, data engineers and other key stakeholders.
 The team is a cross-functional team and as a ML Engineer you will closely work with…"
Machine Learning Engineer,"Contributed to open source ML software.
 Deliver ML software models and components that solve real-world business problems, while working in collaboration with…"
Machine Learning Engineer,"Experience in building software on AWS cloud computing such as EMR, S3, and are comfortable learning and working with custom services."
Machine Learning Engineer,"Contributed to open source ML software.
 Deliver ML software models and components that solve real-world business problems, while working in collaboration with…"
Machine Learning Engineer,"Contributed to open source ML software.
 Deliver ML software models and components that solve real-world business problems, while working in collaboration with…"
Machine Learning Engineer,"Candidates should also be very agile in developing flexible software with respect to scientific, experimentation methods and usage patterns."
Machine Learning Engineer,"Contributed to open source ML software.
 Deliver ML software models and components that solve real-world business problems, while working in collaboration with…"
Machine Learning Engineer,"Contributed to open source ML software.
 Deliver ML software models and components that solve real-world business problems, while working in collaboration with…"
Machine Learning Engineer,"- fluency in Python and Machine Languages (PyTorch, TensorFlow, JAX).
 - experience with training and deploying models in multi-GPU environments."
Machine Learning Engineer,"Sr. Machine Learning Engineer needed for 9-month with strong Scala and Python to develop algorithms for Use Cases.
 Must be proficient with MLFlow."
Machine Learning Engineer,"The ideal candidate will have 5+ years of previous experience implementing Big Data solutions within the data analytics space.
 Experience with CI/CD tools."
Machine Learning Engineer,The Machine Learning Engineering team at Ampersand is seeking a Machine Learning Engineer focused on productionizing Bayesian models developed by the Data…
Machine Learning Engineer,"Sr. Machine Learning Engineer needed for 9-month with strong Scala and Python to develop algorithms for Use Cases.
 Must be proficient with MLFlow."
Machine Learning Engineer,"Develop software to help extract data and create features around it.
 You have knowledge of professional enterprise software development and practices including…"
Machine Learning Engineer,"Experience developing scalable production grade software.
 The Genuity Artificial Intelligence Research Institute is seeking a highly motivated Machine Learning…"
Machine Learning Engineer,"Contributed to open source ML software.
 Deliver ML software models and components that solve real-world business problems, while working in collaboration with…"
Machine Learning Engineer,"Contributed to open source ML software.
 Deliver ML software models and components that solve real-world business problems, while working in collaboration with…"
Machine Learning Engineer,"Contributed to open source ML software.
 Deliver ML software models and components that solve real-world business problems, while working in collaboration with…"
Machine Learning Engineer,"Contributed to open source ML software.
 Deliver ML software models and components that solve real-world business problems, while working in collaboration with…"
Machine Learning Engineer,"Sr. Machine Learning Engineer needed for 9-month with strong Scala and Python to develop algorithms for Use Cases.
 Must be proficient with MLFlow."
Machine Learning Engineer,"Contributed to open source ML software.
 Deliver ML software models and components that solve real-world business problems, while working in collaboration with…"
Machine Learning Engineer,"Contributed to open source ML software.
 Deliver ML software models and components that solve real-world business problems, while working in collaboration with…"
Machine Learning Engineer,"The ideal candidate is also a capable software developer.
 Among other things, you will be able to work with two of Kongsberg Digital's products;"
Machine Learning Engineer,"You will work with complex data sets to develop advanced analytical methods, mathematical modeling, and large-scale implementation strategies."
Machine Learning Engineer,"The Data &amp; Analytics department is the centralized data team at IBD that supports all business functions including Marketing, Product, Content, and Ad Sales."
Machine Learning Engineer,"Contributed to open source ML software.
 Deliver ML software models and components that solve real-world business problems, while working in collaboration with…"
Machine Learning Engineer,"Solid software engineering skills for prototyping.
 Collaborate with multi-displinary team of software engineers and clinicians to design and run experiments,…"
Machine Learning Engineer,"Detecting and mitigating issues of fairness and bias in ML algorithms.
 Data drift detection, high-dimensional density estimation, time series anomaly detection."
Machine Learning Engineer,"Contributed to open source ML software.
 Deliver ML software models and components that solve real-world business problems, while working in collaboration with…"
Machine Learning Engineer,"Experience with developing software products for cloud platform, e.g. AWS, Azure, GCP is a plus.
 Design develop and maintain data collection pipelines from…"
Machine Learning Engineer,"Understanding of data structures, data modeling and software architecture.
 As a Machine Learning Engineer, you will be responsible for developing solutions and…"
Machine Learning Engineer,"Solid software engineering skills for prototyping.
 Collaborate with multi-displinary team of software engineers and clinicians to design and run experiments,…"
Machine Learning Engineer,"Understanding of data structures, data modeling, and software architecture.
 As a, A Gravyty MLE, you'll be responsible for developing natural language…"
Machine Learning Engineer,"Contributed to open source ML software.
 Deliver ML software models and components that solve real-world business problems, while working in collaboration with…"
Machine Learning Engineer,"Contributed to open source ML software.
 Deliver ML software models and components that solve real-world business problems, while working in collaboration with…"
Machine Learning Engineer,"Solid software engineering skills for prototyping.
 Collaborate with multi-displinary team of software engineers and clinicians to design and run experiments,…"
Machine Learning Engineer,"Contributed to open source ML software.
 Deliver ML software models and components that solve real-world business problems, while working in collaboration with…"
Machine Learning Engineer,"Contributed to open source ML software.
 Deliver ML software models and components that solve real-world business problems, while working in collaboration with…"
Machine Learning Engineer,"Sr. Machine Learning Engineer needed for 9-month with strong Scala and Python to develop algorithms for Use Cases.
 Must be proficient with MLFlow."
Machine Learning Engineer,"Collaborate with a team of data scientists, engineers, and business partners to take an opportunity or problem from concept to scaled solution."
Machine Learning Engineer,"We're looking for recent graduates, as well as Machine Learning Engineers with 1-2 years of prior experience!
 Excellent interpersonal, communication, leadership…"
Machine Learning Engineer,"Sisu leverages the massive amounts of data available within private, first-party data warehouses, which capture a real-time, structured view of organizational…"
Machine Learning Engineer,"Contributed to open source ML software.
 Deliver ML software models and components that solve real-world business problems, while working in collaboration with…"
Machine Learning Engineer,"Apply machine learning models, tools, and techniques to imagery, video, signals, and other data products.
 Perform data collection and run simulations to create,…"
Machine Learning Engineer,"Contribute to and promote good software??engineering practices across the team.
 Write efficient software to ship products in an iterative, continual -release…"
Machine Learning Engineer,"Contributed to open source ML software.
 Deliver ML software models and components that solve real-world business problems, while working in collaboration with…"
Machine Learning Engineer,"Sr. Machine Learning Engineer needed for 9-month with strong Scala and Python to develop algorithms for Use Cases.
 Must be proficient with MLFlow."
Machine Learning Engineer,"Experience in building software on AWS cloud computing such as EMR, S3, and are comfortable learning and working with custom services."
Machine Learning Engineer,"Contributed to open source ML software.
 Deliver ML software models and components that solve real-world business problems, while working in collaboration with…"
Machine Learning Engineer,"Probability, Statistics and Mathematical foundations for AI/ML.
 Experience with AI/ML techniques: Machine Learning, Deep Learning, NLP, etc."
Machine Learning Engineer,"Contributed to open source ML software.
 Deliver ML software models and components that solve real-world business problems, while working in collaboration with…"
Machine Learning Engineer,"- fluency in Python and Machine Languages (PyTorch, TensorFlow, JAX).
 - experience with training and deploying models in multi-GPU environments."
Machine Learning Engineer,"Contributed to open source ML software.
 Deliver ML software models and components that solve real-world business problems, while working in collaboration with…"
Machine Learning Engineer,"Contributed to open source ML software.
 Deliver ML software models and components that solve real-world business problems, while working in collaboration with…"
Machine Learning Engineer,"Contributed to open source ML software.
 Deliver ML software models and components that solve real-world business problems, while working in collaboration with…"
Machine Learning Engineer,"Contributed to open source ML software.
 Deliver ML software models and components that solve real-world business problems, while working in collaboration with…"
Machine Learning Engineer,"Skill nice to have: Cloud (particularly AWS) experience.
 Job Types: Full-time, Contract.
 Temporarily due to COVID-19."
Machine Learning Engineer,"Contributed to open source ML software.
 Deliver ML software models and components that solve real-world business problems, while working in collaboration with…"
Machine Learning Engineer,"Contributed to open source ML software.
 Deliver ML software models and components that solve real-world business problems, while working in collaboration with…"
Machine Learning Engineer,"- fluency in Python and Machine Languages (PyTorch, TensorFlow, JAX).
 - experience with training and deploying models in multi-GPU environments."
Machine Learning Engineer,"Strong software development experience with C++, Python or other programming language.
 The team is made up of machine learning researchers and engineers, who…"
Machine Learning Engineer,"Contributed to open source ML software.
 Deliver ML software models and components that solve real-world business problems, while working in collaboration with…"
Machine Learning Engineer,"Contributed to open source ML software.
 Deliver ML software models and components that solve real-world business problems, while working in collaboration with…"
Machine Learning Engineer,"Contributed to open source ML software.
 Deliver ML software models and components that solve real-world business problems, while working in collaboration with…"
Machine Learning Engineer,"Contributed to open source ML software.
 Deliver ML software models and components that solve real-world business problems, while working in collaboration with…"
Machine Learning Engineer,"Contributed to open source ML software.
 Deliver ML software models and components that solve real-world business problems, while working in collaboration with…"
Machine Learning Engineer,"Contributed to open source ML software.
 Deliver ML software models and components that solve real-world business problems, while working in collaboration with…"
Machine Learning Engineer,"Experience with object-oriented or functional software development.
 The Machine Learning and Personalization (MLP) team is responsible for building a thoroughly…"
Machine Learning Engineer,"With our real-time 3D tracking technology, we create data models for live predictive analytics.
 We also create interactive AR experiences for fans that improve…"
Machine Learning Engineer,"Contributed to open source ML software.
 Deliver ML software models and components that solve real-world business problems, while working in collaboration with…"
Machine Learning Engineer,"Contributed to open source ML software.
 Deliver ML software models and components that solve real-world business problems, while working in collaboration with…"
Machine Learning Engineer,"Contributed to open source ML software.
 Deliver ML software models and components that solve real-world business problems, while working in collaboration with…"
Machine Learning Engineer,"Work with other engineers, managers, product management, QA, and Ops teams to develop innovative solutions.
 Work Area: Software-Design and Development."
Machine Learning Engineer,"Contributed to open source ML software.
 Deliver ML software models and components that solve real-world business problems, while working in collaboration with…"
Machine Learning Engineer,"Contributed to open source ML software.
 Deliver ML software models and components that solve real-world business problems, while working in collaboration with…"
Machine Learning Engineer,"Contributed to open source ML software.
 Deliver ML software models and components that solve real-world business problems, while working in collaboration with…"
Machine Learning Engineer,"Strong software development experience with C++, Python or other programming language.
 The team is made up of machine learning researchers and engineers, who…"
Machine Learning Engineer,"- fluency in Python and Machine Languages (PyTorch, TensorFlow, JAX).
 - experience with training and deploying models in multi-GPU environments."
Machine Learning Engineer,"Solid OOP and software design knowledge – can write software that’s extensible, reusable, and meets desired architectural objectives."
Machine Learning Engineer,"Contributed to open source ML software.
 Deliver ML software models and components that solve real-world business problems, while working in collaboration with…"
Machine Learning Engineer,"- fluency in Python and Machine Languages (PyTorch, TensorFlow, JAX).
 - experience with training and deploying models in multi-GPU environments."
Machine Learning Engineer,"Strong software development experience with C++, Python or other programming language.
 The team is made up of machine learning researchers and engineers, who…"
Machine Learning Engineer,"Contributed to open source ML software.
 Deliver ML software models and components that solve real-world business problems, while working in collaboration with…"
Machine Learning Engineer,"An entrepreneurial spirit and unrelenting passion to deliver the best service possible.
 Experience with Python, with strong love for writing tests."
Machine Learning Engineer,"Experience with Agile software development.
 2+ years of experience in software development with Python/Java/Scala/C++ (including co-op and internships)."
Machine Learning Engineer,"Contributed to open source ML software.
 Deliver ML software models and components that solve real-world business problems, while working in collaboration with…"
Machine Learning Engineer,"Contributed to open source ML software.
 Deliver ML software models and components that solve real-world business problems, while working in collaboration with…"
Machine Learning Engineer,Use your software engineering skills to create productized ML pipelines that deploy large numbers of models across many clients.
Machine Learning Engineer,"In this role, you will lead a group of engineers to design, train and deploy ML models.
 From a research perspective, exploring, prototyping, validating, and…"
Machine Learning Engineer,"Contributed to open source ML software.
 Deliver ML software models and components that solve real-world business problems, while working in collaboration with…"
Machine Learning Engineer,"Strong software development experience with C++, Python or other programming language.
 The team is made up of machine learning researchers and engineers, who…"
Machine Learning Engineer,"Experience applying various machine learning techniques, and understanding the key parameters that affect their performance.
 Job Types: Full-time, Contract."
Machine Learning Engineer,"Contributed to open source ML software.
 Deliver ML software models and components that solve real-world business problems, while working in collaboration with…"
Machine Learning Engineer,"Contributed to open source ML software.
 Deliver ML software models and components that solve real-world business problems, while working in collaboration with…"
Machine Learning Engineer,"- fluency in Python and Machine Languages (PyTorch, TensorFlow, JAX).
 - experience with training and deploying models in multi-GPU environments."
Machine Learning Engineer,"Contributed to open source ML software.
 Deliver ML software models and components that solve real-world business problems, while working in collaboration with…"
Machine Learning Engineer,"Contributed to open source ML software.
 Deliver ML software models and components that solve real-world business problems, while working in collaboration with…"
Machine Learning Engineer,"Experience in building software on AWS cloud computing such as EMR, S3, and are comfortable learning and working with custom services."
Machine Learning Engineer,"This person will work closely with our technical team, bringing deep learning product requirements to our engineers and putting machine learning research into…"
Machine Learning Engineer,Butterfly's Deep Learning team develops AI algorithms that help clinicians both acquire images and automatically produce diagnostic interpretations.
Machine Learning Engineer,"Varied, interesting technical challenges to solve.
 Familiarity with Computer Vision.
 Excellent communication skills (English).
 $10,000 signing bonus."
Machine Learning Engineer,"Contributed to open source ML software.
 Deliver ML software models and components that solve real-world business problems, while working in collaboration with…"
Machine Learning Engineer,"Sr. Machine Learning Engineer needed for 9-month with strong Scala and Python to develop algorithms for Use Cases.
 Must be proficient with MLFlow."
Machine Learning Engineer,"Solid software engineering skills for prototyping.
 Collaborate with multi-displinary team of software engineers and clinicians to design and run experiments,…"
Machine Learning Engineer,"Contributed to open source ML software.
 Deliver ML software models and components that solve real-world business problems, while working in collaboration with…"
Machine Learning Engineer,"Solid software engineering skills for prototyping.
 Collaborate with multi-displinary team of software engineers and clinicians to design and run experiments,…"
Machine Learning Engineer,"Contributed to open source ML software.
 Deliver ML software models and components that solve real-world business problems, while working in collaboration with…"
Machine Learning Engineer,"Contributed to open source ML software.
 Deliver ML software models and components that solve real-world business problems, while working in collaboration with…"
Machine Learning Engineer,"Contributed to open source ML software.
 Deliver ML software models and components that solve real-world business problems, while working in collaboration with…"
Machine Learning Engineer,"Contributed to open source ML software.
 Deliver ML software models and components that solve real-world business problems, while working in collaboration with…"
Machine Learning Engineer,"Sr. Machine Learning Engineer needed for 9-month with strong Scala and Python to develop algorithms for Use Cases.
 Must be proficient with MLFlow."
Machine Learning Engineer,"Contributed to open source ML software.
 Deliver ML software models and components that solve real-world business problems, while working in collaboration with…"
Machine Learning Engineer,"Contributed to open source ML software.
 Deliver ML software models and components that solve real-world business problems, while working in collaboration with…"
Machine Learning Engineer,"Strong software development experience with C++, Python or other programming language.
 The team is made up of machine learning researchers and engineers, who…"
Machine Learning Engineer,"Contributed to open source ML software.
 Deliver ML software models and components that solve real-world business problems, while working in collaboration with…"
Machine Learning Engineer,"Sr. Machine Learning Engineer needed for 9-month with strong Scala and Python to develop algorithms for Use Cases.
 Must be proficient with MLFlow."
Machine Learning Engineer,"Contributed to open source ML software.
 Deliver ML software models and components that solve real-world business problems, while working in collaboration with…"
Machine Learning Engineer,"Contributed to open source ML software.
 Deliver ML software models and components that solve real-world business problems, while working in collaboration with…"
Machine Learning Engineer,"Strong software development experience with C++, Python or other programming language.
 The team is made up of machine learning researchers and engineers, who…"
Machine Learning Engineer,"General knowledge of agile software development concepts and processes.
 Bring your deep expertise in cloud architecture / DevOps to analyze and recommend…"
Machine Learning Engineer,"Contributed to open source ML software.
 Deliver ML software models and components that solve real-world business problems, while working in collaboration with…"
Machine Learning Engineer,"Work with other engineers and analyze customer requirements.
 At its core, Mapped extracts insights from heterogeneous data of built environment (buildings,…"
Machine Learning Engineer,"Contributed to open source ML software.
 Deliver ML software models and components that solve real-world business problems, while working in collaboration with…"
Machine Learning Engineer,"Contributed to open source ML software.
 Deliver ML software models and components that solve real-world business problems, while working in collaboration with…"
Machine Learning Engineer,"Contributed to open source ML software.
 Deliver ML software models and components that solve real-world business problems, while working in collaboration with…"
Machine Learning Engineer,"Contributed to open source ML software.
 Deliver ML software models and components that solve real-world business problems, while working in collaboration with…"
Machine Learning Engineer,"Contributed to open source ML software.
 Deliver ML software models and components that solve real-world business problems, while working in collaboration with…"
Machine Learning Engineer,"Contributed to open source ML software.
 Deliver ML software models and components that solve real-world business problems, while working in collaboration with…"
Machine Learning Engineer,"4+ years of software development experience.
 Familiarity with some of the following: software optimization, data mining, distributed system."
Machine Learning Engineer,"Contributed to open source ML software.
 Deliver ML software models and components that solve real-world business problems, while working in collaboration with…"
Machine Learning Engineer,"Contributed to open source ML software.
 Deliver ML software models and components that solve real-world business problems, while working in collaboration with…"
Machine Learning Engineer,"- fluency in Python and Machine Languages (PyTorch, TensorFlow, JAX).
 - experience with training and deploying models in multi-GPU environments."
Machine Learning Engineer,"Sr. Machine Learning Engineer needed for 9-month with strong Scala and Python to develop algorithms for Use Cases.
 Must be proficient with MLFlow."
Machine Learning Engineer,"Contributed to open source ML software.
 Deliver ML software models and components that solve real-world business problems, while working in collaboration with…"
Machine Learning Engineer,"You write production-grade code following software engineering best practices, such as maintaining high test coverage, well documented and readable code."
Machine Learning Engineer,"Contributed to open source ML software.
 Deliver ML software models and components that solve real-world business problems, while working in collaboration with…"
Machine Learning Engineer,"Contributed to open source ML software.
 Deliver ML software models and components that solve real-world business problems, while working in collaboration with…"
Machine Learning Engineer,"Intellectual curiosity and strong desire to solve technical problems with software.
 Strong software development skills and a high level of proficiency in Python…"
Machine Learning Engineer,"Contributed to open source ML software.
 Deliver ML software models and components that solve real-world business problems, while working in collaboration with…"
Machine Learning Engineer,"Sr. Machine Learning Engineer needed for 9-month with strong Scala and Python to develop algorithms for Use Cases.
 Must be proficient with MLFlow."
Machine Learning Engineer,"Solid software engineering skills for prototyping.
 Collaborate with multi-displinary team of software engineers and clinicians to design and run experiments,…"
Machine Learning Engineer,"Strong software development experience with C++, Python or other programming language.
 The team is made up of machine learning researchers and engineers, who…"
Machine Learning Engineer,"Contributed to open source ML software.
 Deliver ML software models and components that solve real-world business problems, while working in collaboration with…"
Machine Learning Engineer,"Strong software development experience with C++, Python or other programming language.
 The team is made up of machine learning researchers and engineers, who…"
Machine Learning Engineer,"Contributed to open source ML software.
 Deliver ML software models and components that solve real-world business problems, while working in collaboration with…"
Machine Learning Engineer,"As an engineer you will have a lot of opportunities to work with product managers, data scientists and of course engineers from other teams."
Machine Learning Engineer,"Strong software development experience with C++, Python or other programming language.
 The team is made up of machine learning researchers and engineers, who…"
Machine Learning Engineer,"For this reason, we’re looking for a Machine Learning Engineer who can help us create the server-side engine that powers our interactive tools for image and…"
Machine Learning Engineer,"Contributed to open source ML software.
 Deliver ML software models and components that solve real-world business problems, while working in collaboration with…"
Machine Learning Engineer,"- fluency in Python and Machine Languages (PyTorch, TensorFlow, JAX).
 - experience with training and deploying models in multi-GPU environments."
Machine Learning Engineer,"Sr. Machine Learning Engineer needed for 9-month with strong Scala and Python to develop algorithms for Use Cases.
 Must be proficient with MLFlow."
Machine Learning Engineer,"Contributed to open source ML software.
 Deliver ML software models and components that solve real-world business problems, while working in collaboration with…"
Machine Learning Engineer,"Contributed to open source ML software.
 Deliver ML software models and components that solve real-world business problems, while working in collaboration with…"
Machine Learning Engineer,"Sr. Machine Learning Engineer needed for 9-month with strong Scala and Python to develop algorithms for Use Cases.
 Must be proficient with MLFlow."
Machine Learning Engineer,"Contributed to open source ML software.
 Deliver ML software models and components that solve real-world business problems, while working in collaboration with…"
Machine Learning Engineer,"Contributed to open source ML software.
 Deliver ML software models and components that solve real-world business problems, while working in collaboration with…"
Machine Learning Engineer,"Contributed to open source ML software.
 Deliver ML software models and components that solve real-world business problems, while working in collaboration with…"
Machine Learning Engineer,"Contributed to open source ML software.
 Deliver ML software models and components that solve real-world business problems, while working in collaboration with…"
Machine Learning Engineer,"Contributed to open source ML software.
 Deliver ML software models and components that solve real-world business problems, while working in collaboration with…"
Machine Learning Engineer,"Create experiments and develop prototypes, with the goal of developing robust and efficient production-ready software.
 People – the best part of Zest."
Machine Learning Engineer,"Contributed to open source ML software.
 Deliver ML software models and components that solve real-world business problems, while working in collaboration with…"
Machine Learning Engineer,"Contributed to open source ML software.
 Deliver ML software models and components that solve real-world business problems, while working in collaboration with…"
Machine Learning Engineer,"2+ years industry experience including software development in Machine Learning, Deep Learning, ML infrastructure and working with large data sets and systems…"
Machine Learning Engineer,"Contributed to open source ML software.
 Deliver ML software models and components that solve real-world business problems, while working in collaboration with…"
Machine Learning Engineer,"Contributed to open source ML software.
 Deliver ML software models and components that solve real-world business problems, while working in collaboration with…"
Machine Learning Engineer,"Contributed to open source ML software.
 Deliver ML software models and components that solve real-world business problems, while working in collaboration with…"
Machine Learning Engineer,"Contributed to open source ML software.
 Deliver ML software models and components that solve real-world business problems, while working in collaboration with…"
Machine Learning Engineer,"Solid software engineering skills for prototyping.
 Collaborate with multi-displinary team of software engineers and clinicians to design and run experiments,…"
Machine Learning Engineer,"Contributed to open source ML software.
 Deliver ML software models and components that solve real-world business problems, while working in collaboration with…"
Machine Learning Engineer,"Contributed to open source ML software.
 Deliver ML software models and components that solve real-world business problems, while working in collaboration with…"
Machine Learning Engineer,"Contributed to open source ML software.
 Deliver ML software models and components that solve real-world business problems, while working in collaboration with…"
Machine Learning Engineer,"Solid software engineering skills for prototyping.
 Collaborate with multi-displinary team of software engineers and clinicians to design and run experiments,…"
Machine Learning Engineer,"Sr. Machine Learning Engineer needed for 9-month with strong Scala and Python to develop algorithms for Use Cases.
 Must be proficient with MLFlow."
Machine Learning Engineer,"Consumers should have full transparency and control of their Financial Data.
 Finicity expands financial inclusion and increases financial and data literacy."
Machine Learning Engineer,"Contributed to open source ML software.
 Deliver ML software models and components that solve real-world business problems, while working in collaboration with…"
Machine Learning Engineer,"You should have shipped AI models in production, developed and/or used ML pipelines, and have demonstrated software engineering skills in areas such as…"
Machine Learning Engineer,"Strong software development experience with C++, Python or other programming language.
 The team is made up of machine learning researchers and engineers, who…"
Machine Learning Engineer,"Contributed to open source ML software.
 Deliver ML software models and components that solve real-world business problems, while working in collaboration with…"
Machine Learning Engineer,"Contributed to open source ML software.
 Deliver ML software models and components that solve real-world business problems, while working in collaboration with…"
Machine Learning Engineer,The successful candidate will design and develop software applications and infrastructure for robotic and/or tele-operated ground vehicles.
Machine Learning Engineer,"With our real-time 3D tracking technology, we create data models for live predictive analytics.
 We also create interactive AR experiences for fans that improve…"
Machine Learning Engineer,"Contributed to open source ML software.
 Deliver ML software models and components that solve real-world business problems, while working in collaboration with…"
Machine Learning Engineer,"Contributed to open source ML software.
 Deliver ML software models and components that solve real-world business problems, while working in collaboration with…"
Machine Learning Engineer,"Developing and implementing advanced analytics approaches including statistical modelling, machine learning algorithms, text mining, regression, web analytics…"
Machine Learning Engineer,"Contributed to open source ML software.
 Deliver ML software models and components that solve real-world business problems, while working in collaboration with…"
Machine Learning Engineer,"In this critical role, you will work alongside product development, product managers, and data engineers to tackle fundamental data science models in our Asia…"
Machine Learning Engineer,"Solid software engineering skills for prototyping.
 Collaborate with multi-displinary team of software engineers and clinicians to design and run experiments,…"
Machine Learning Engineer,"Contributed to open source ML software.
 Deliver ML software models and components that solve real-world business problems, while working in collaboration with…"
Machine Learning Engineer,"Contributed to open source ML software.
 Deliver ML software models and components that solve real-world business problems, while working in collaboration with…"
Machine Learning Engineer,"Strong software development experience with C++, Python or other programming language.
 The team is made up of machine learning researchers and engineers, who…"
Machine Learning Engineer,"Contributed to open source ML software.
 Deliver ML software models and components that solve real-world business problems, while working in collaboration with…"
Machine Learning Engineer,"Sr. Machine Learning Engineer needed for 9-month with strong Scala and Python to develop algorithms for Use Cases.
 Must be proficient with MLFlow."
Machine Learning Engineer,"Develop Python programs to engineer the Data required for the ML Models.
 Experience in specialized areas such as Machine Learning, Deep Learning, NLP,…"
Machine Learning Engineer,"Solid software engineering skills for prototyping.
 Collaborate with multi-displinary team of software engineers and clinicians to design and run experiments,…"
Machine Learning Engineer,"Contributed to open source ML software.
 Deliver ML software models and components that solve real-world business problems, while working in collaboration with…"
Machine Learning Engineer,"Contributed to open source ML software.
 Deliver ML software models and components that solve real-world business problems, while working in collaboration with…"
Machine Learning Engineer,"- fluency in Python and Machine Languages (PyTorch, TensorFlow, JAX).
 - experience with training and deploying models in multi-GPU environments."
Machine Learning Engineer,"Contributed to open source ML software.
 Deliver ML software models and components that solve real-world business problems, while working in collaboration with…"
Machine Learning Engineer,"Strong software development experience with C++, Python or other programming language.
 The team is made up of machine learning researchers and engineers, who…"
Machine Learning Engineer,"Contributed to open source ML software.
 Deliver ML software models and components that solve real-world business problems, while working in collaboration with…"
Machine Learning Engineer,"Contributed to open source ML software.
 Deliver ML software models and components that solve real-world business problems, while working in collaboration with…"
Machine Learning Engineer,"Solid software engineering skills for prototyping.
 Collaborate with multi-displinary team of software engineers and clinicians to design and run experiments,…"
Machine Learning Engineer,"Contributed to open source ML software.
 Deliver ML software models and components that solve real-world business problems, while working in collaboration with…"
Machine Learning Engineer,"Strong software development experience with C++, Python or other programming language.
 The team is made up of machine learning researchers and engineers, who…"
Machine Learning Engineer,"Contributed to open source ML software.
 Deliver ML software models and components that solve real-world business problems, while working in collaboration with…"
Machine Learning Engineer,"Experience with Agile software development.
 2+ years of experience in software development with Python, Scala, R or C++."
Machine Learning Engineer,"Use your engineering expertise to help build solutions to novel problems in software development, data engineering, and machine learning."
Machine Learning Engineer,"Contributed to open source ML software.
 Deliver ML software models and components that solve real-world business problems, while working in collaboration with…"
Machine Learning Engineer,"Contributed to open source ML software.
 Deliver ML software models and components that solve real-world business problems, while working in collaboration with…"
Machine Learning Engineer,"Contributed to open source ML software.
 Deliver ML software models and components that solve real-world business problems, while working in collaboration with…"
Machine Learning Engineer,"Contributed to open source ML software.
 Deliver ML software models and components that solve real-world business problems, while working in collaboration with…"
Machine Learning Engineer,"Innovate for and with customers.
 This role will be part of our Applied Data Team and will be responsible for providing Machine Learning Engineering support."
Machine Learning Engineer,"Solid software engineering skills for prototyping.
 Collaborate with multi-displinary team of software engineers and clinicians to design and run experiments,…"
Machine Learning Engineer,"Contributed to open source ML software.
 Deliver ML software models and components that solve real-world business problems, while working in collaboration with…"
Machine Learning Engineer,"Contributed to open source ML software.
 Deliver ML software models and components that solve real-world business problems, while working in collaboration with…"
Machine Learning Engineer,"Contributed to open source ML software.
 Deliver ML software models and components that solve real-world business problems, while working in collaboration with…"
Machine Learning Engineer,"Contributed to open source ML software.
 Deliver ML software models and components that solve real-world business problems, while working in collaboration with…"
Machine Learning Engineer,"A solid foundation in computer science, with strong competencies in data structures, algorithms, and software design.
 Eager to learn new technologies."
Machine Learning Engineer,"Contributed to open source ML software.
 Deliver ML software models and components that solve real-world business problems, while working in collaboration with…"
Machine Learning Engineer,"Hands-on data science engineer; eager to do important work.
 1+ years of professional experience in some or all aspects of designing, building, training,…"
Machine Learning Engineer,"Contributed to open source ML software.
 Deliver ML software models and components that solve real-world business problems, while working in collaboration with…"
Machine Learning Engineer,"Contributed to open source ML software.
 Deliver ML software models and components that solve real-world business problems, while working in collaboration with…"
Machine Learning Engineer,"Contributed to open source ML software.
 Deliver ML software models and components that solve real-world business problems, while working in collaboration with…"
Machine Learning Engineer,"Contributed to open source ML software.
 Deliver ML software models and components that solve real-world business problems, while working in collaboration with…"
Machine Learning Engineer,"Contributed to open source ML software.
 Deliver ML software models and components that solve real-world business problems, while working in collaboration with…"
Machine Learning Engineer,"Contributed to open source ML software.
 Deliver ML software models and components that solve real-world business problems, while working in collaboration with…"
Machine Learning Engineer,"Contributed to open source ML software.
 Deliver ML software models and components that solve real-world business problems, while working in collaboration with…"
Machine Learning Engineer,"Strong software development experience with C++, Python or other programming language.
 The team is made up of machine learning researchers and engineers, who…"
Machine Learning Engineer,"Contributed to open source ML software.
 Deliver ML software models and components that solve real-world business problems, while working in collaboration with…"
Machine Learning Engineer,"Sr. Machine Learning Engineer needed for 9-month with strong Scala and Python to develop algorithms for Use Cases.
 Must be proficient with MLFlow."
Machine Learning Engineer,"Contributed to open source ML software.
 Deliver ML software models and components that solve real-world business problems, while working in collaboration with…"
Machine Learning Engineer,"Contributed to open source ML software.
 Deliver ML software models and components that solve real-world business problems, while working in collaboration with…"
Machine Learning Engineer,"Contributed to open source ML software.
 Deliver ML software models and components that solve real-world business problems, while working in collaboration with…"
Machine Learning Engineer,"Work closely with founding team in developing hyperscalable software for ML.
 Familiarity with Machine Learning frameworks (Tensorflow, Pytorch, XGBoost, etc.)."
Machine Learning Engineer,"Contributed to open source ML software.
 Deliver ML software models and components that solve real-world business problems, while working in collaboration with…"
Machine Learning Engineer,"Contributed to open source ML software.
 Deliver ML software models and components that solve real-world business problems, while working in collaboration with…"
Machine Learning Engineer,"Sr. Machine Learning Engineer needed for 9-month with strong Scala and Python to develop algorithms for Use Cases.
 Must be proficient with MLFlow."
Machine Learning Engineer,"- fluency in Python and Machine Languages (PyTorch, TensorFlow, JAX).
 - experience with training and deploying models in multi-GPU environments."
Machine Learning Engineer,"Contributed to open source ML software.
 Deliver ML software models and components that solve real-world business problems, while working in collaboration with…"
Machine Learning Engineer,"Contributed to open source ML software.
 Deliver ML software models and components that solve real-world business problems, while working in collaboration with…"
Machine Learning Engineer,"- fluency in Python and Machine Languages (PyTorch, TensorFlow, JAX).
 - experience with training and deploying models in multi-GPU environments."
Machine Learning Engineer,"Strong software development experience with C++, Python or other programming language.
 The team is made up of machine learning researchers and engineers, who…"
Machine Learning Engineer,"Contributed to open source ML software.
 Deliver ML software models and components that solve real-world business problems, while working in collaboration with…"
Machine Learning Engineer,"Contributed to open source ML software.
 Deliver ML software models and components that solve real-world business problems, while working in collaboration with…"
Machine Learning Engineer,"Contributed to open source ML software.
 Deliver ML software models and components that solve real-world business problems, while working in collaboration with…"
Machine Learning Engineer,"Six - seven - eight - three - eight - eight - one - four - zero - three.
 Job Types: Full-time, Contract.
 Machine Learning: 6 years (Preferred)."
Machine Learning Engineer,"Contributed to open source ML software.
 Deliver ML software models and components that solve real-world business problems, while working in collaboration with…"
Machine Learning Engineer,"Experience validating software through industry accepted testing strategies.
 8 Years of total software engineer experience of which 4+ years of experience…"
Machine Learning Engineer,"Contributed to open source ML software.
 Deliver ML software models and components that solve real-world business problems, while working in collaboration with…"
Machine Learning Engineer,"Contributed to open source ML software.
 Deliver ML software models and components that solve real-world business problems, while working in collaboration with…"
Machine Learning Engineer,You’ll be involved throughout the product lifecycle and collaborate closely with technical and non-technical stakeholders to understand their various data needs…
Machine Learning Engineer,One to two years of software engineering experience in building and maintaining machine learning engineering systems using industry-standard tools and…
Machine Learning Engineer,"For this role, we're looking for people who have developed split brains-software engineers who have become great at writing machine learning code or data…"
Machine Learning Engineer,"Contributed to open source ML software.
 Deliver ML software models and components that solve real-world business problems, while working in collaboration with…"
Machine Learning Engineer,"Contributed to open source ML software.
 Deliver ML software models and components that solve real-world business problems, while working in collaboration with…"
Machine Learning Engineer,"Targeting is crucial, but the methods implemented must be performant enough to execute in real time.
 BS or MS in Computer Science, Mathematics or equivalent…"
Machine Learning Engineer,"The person who fills this role will lead all the processes for new virtual assistants, from data collection, cleaning, and preprocessing, to training models and…"
Machine Learning Engineer,"Solid software engineering skills for prototyping.
 Collaborate with multi-displinary team of software engineers and clinicians to design and run experiments,…"
Machine Learning Engineer,"Contributed to open source ML software.
 Deliver ML software models and components that solve real-world business problems, while working in collaboration with…"
Machine Learning Engineer,"Contributed to open source ML software.
 Deliver ML software models and components that solve real-world business problems, while working in collaboration with…"
Machine Learning Engineer,"Must have : python, AI , computer vision and Firebase.
 Job Types: Full-time, Contract.
 Machine Learning: 1 year (Preferred).
 Temporarily due to COVID-19."
Machine Learning Engineer,"Industry experience as data scientist or ML engineer in a healthcare company.
 Demonstrated experience in software development, GPU acceleration, model…"
Machine Learning Engineer,"Contributed to open source ML software.
 Deliver ML software models and components that solve real-world business problems, while working in collaboration with…"
Machine Learning Engineer,"Contributed to open source ML software.
 Deliver ML software models and components that solve real-world business problems, while working in collaboration with…"
Machine Learning Engineer,Our current initiatives are heavily focused on improving user experience and evolving our cloud-based applications and systems.
Machine Learning Engineer,"- fluency in Python and Machine Languages (PyTorch, TensorFlow, JAX).
 - experience with training and deploying models in multi-GPU environments."
Machine Learning Engineer,"Spent at least 5 years in the trenches of the software industry, delivering quality software that matters to people that care."
Machine Learning Engineer,"Contributed to open source ML software.
 Deliver ML software models and components that solve real-world business problems, while working in collaboration with…"
Machine Learning Engineer,"Contributed to open source ML software.
 Deliver ML software models and components that solve real-world business problems, while working in collaboration with…"
Machine Learning Engineer,"Contributed to open source ML software.
 Deliver ML software models and components that solve real-world business problems, while working in collaboration with…"
Machine Learning Engineer,"Relevant work experience, including experience writing quality, well-documented and well-tested code for software services."
Machine Learning Engineer,"Contributed to open source ML software.
 Deliver ML software models and components that solve real-world business problems, while working in collaboration with…"
Machine Learning Engineer,"Contributed to open source ML software.
 Deliver ML software models and components that solve real-world business problems, while working in collaboration with…"
Machine Learning Engineer,"Strong software development experience with C++, Python or other programming language.
 The team is made up of machine learning researchers and engineers, who…"
Machine Learning Engineer,"Contributed to open source ML software.
 Deliver ML software models and components that solve real-world business problems, while working in collaboration with…"
Machine Learning Engineer,"Working with other Temboo engineers to implement machine learning algorithms in an efficient manner.
 You will be responsible for leveraging and advancing…"
Machine Learning Engineer,"Contributed to open source ML software.
 Deliver ML software models and components that solve real-world business problems, while working in collaboration with…"
Machine Learning Engineer,"5+ years experience at a software company as a machine learning engineer, data scientist, or in related fields."
Machine Learning Engineer,"Contributed to open source ML software.
 Deliver ML software models and components that solve real-world business problems, while working in collaboration with…"
Machine Learning Engineer,"Solid software engineering skills for prototyping.
 Collaborate with multi-displinary team of software engineers and clinicians to design and run experiments,…"
Machine Learning Engineer,"Experience with object-oriented or functional software development.
 The Machine Learning and Personalization (MLP) team is responsible for building a thoroughly…"
Machine Learning Engineer,"Contributed to open source ML software.
 Deliver ML software models and components that solve real-world business problems, while working in collaboration with…"
Machine Learning Engineer,"Strong software development experience with C++, Python or other programming language.
 The team is made up of machine learning researchers and engineers, who…"
Machine Learning Engineer,"Contributed to open source ML software.
 Deliver ML software models and components that solve real-world business problems, while working in collaboration with…"
Machine Learning Engineer,"- fluency in Python and Machine Languages (PyTorch, TensorFlow, JAX).
 - experience with training and deploying models in multi-GPU environments."
Machine Learning Engineer,"Strong software development experience with C++, Python or other programming language.
 The team is made up of machine learning researchers and engineers, who…"
Machine Learning Engineer,Work with other teams at Bolt to engineer new features for models or new product features that help improve Bolt business.
Machine Learning Engineer,"Partner with Software Engineers, System Engineers, and management to implement solutions to customer needs, architect software systems, develop code and unit…"
Machine Learning Engineer,"Contributed to open source ML software.
 Deliver ML software models and components that solve real-world business problems, while working in collaboration with…"
Machine Learning Engineer,"Contributed to open source ML software.
 Deliver ML software models and components that solve real-world business problems, while working in collaboration with…"
Machine Learning Engineer,"Solid software engineering skills for prototyping.
 Collaborate with multi-displinary team of software engineers and clinicians to design and run experiments,…"
Machine Learning Engineer,"Contributed to open source ML software.
 Deliver ML software models and components that solve real-world business problems, while working in collaboration with…"
Machine Learning Engineer,"Contributed to open source ML software.
 Deliver ML software models and components that solve real-world business problems, while working in collaboration with…"
Machine Learning Engineer,"Use deep learning or classical machine learning to do object detection, recognition or other related tasks.
 Experience in using Torch, TensorFlow, or equivalent…"
Machine Learning Engineer,"During your journey, you'll have an opportunity to engage with not only other machine learning engineers and data scientists, but also members of the…"
Machine Learning Engineer,"- fluency in Python and Machine Languages (PyTorch, TensorFlow, JAX).
 - experience with training and deploying models in multi-GPU environments."
Machine Learning Engineer,"- fluency in Python and Machine Languages (PyTorch, TensorFlow, JAX).
 - experience with training and deploying models in multi-GPU environments."
Machine Learning Engineer,"Contributed to open source ML software.
 Deliver ML software models and components that solve real-world business problems, while working in collaboration with…"
Machine Learning Engineer,"Solid software engineering skills for prototyping.
 Collaborate with multi-displinary team of software engineers and clinicians to design and run experiments,…"
Machine Learning Engineer,"Contributed to open source ML software.
 Deliver ML software models and components that solve real-world business problems, while working in collaboration with…"
Machine Learning Engineer,"Contributed to open source ML software.
 Deliver ML software models and components that solve real-world business problems, while working in collaboration with…"
Machine Learning Engineer,"Solid software engineering skills for prototyping.
 Collaborate with multi-displinary team of software engineers and clinicians to design and run experiments,…"
Machine Learning Engineer,"Contributed to open source ML software.
 Deliver ML software models and components that solve real-world business problems, while working in collaboration with…"
Machine Learning Engineer,"With our real-time 3D tracking technology, we create data models for live predictive analytics.
 We also create interactive AR experiences for fans that improve…"
Machine Learning Engineer,"Contributed to open source ML software.
 Deliver ML software models and components that solve real-world business problems, while working in collaboration with…"
Machine Learning Engineer,"Contributed to open source ML software.
 Deliver ML software models and components that solve real-world business problems, while working in collaboration with…"
Machine Learning Engineer,"Our product is entirely dependent on sophisticated machine learning, deep learning, and sophisticated software architectures to create value for fish farmers."
Machine Learning Engineer,"Wide-ranging intellectual challenges spanning full-stack software development, AI / ML, and strong design.
 Gathering experience from some of the top schools and…"
Machine Learning Engineer,"Strong software development experience with C++, Python or other programming language.
 The team is made up of machine learning researchers and engineers, who…"
Machine Learning Engineer,"- fluency in Python and Machine Languages (PyTorch, TensorFlow, JAX).
 - experience with training and deploying models in multi-GPU environments."
Machine Learning Engineer,"Collaborate with a world class team of cross functional engineers and project managers to deliver new-to-world solutions.
 Proficient in Python and C/C++."
Machine Learning Engineer,"Contributed to open source ML software.
 Deliver ML software models and components that solve real-world business problems, while working in collaboration with…"
Machine Learning Engineer,"Contributed to open source ML software.
 Deliver ML software models and components that solve real-world business problems, while working in collaboration with…"
Machine Learning Engineer,"Contributed to open source ML software.
 Deliver ML software models and components that solve real-world business problems, while working in collaboration with…"
Machine Learning Engineer,We seek passionate Machine Learning Engineer to build Nike’s robust advanced analytics and machine learning solutions that have a direct impact on the business.
Machine Learning Engineer,"Contributed to open source ML software.
 Deliver ML software models and components that solve real-world business problems, while working in collaboration with…"
